/*create table person
(
	id INTEGER NOT NULL,
	name VARCHAR(225) NOT NULL,
	location VARCHAR(225),
	dob TIMESTAMP,
	PRIMARY KEY(id)
);*/

INSERT INTO COURSE(ID,NAME,CREATED_DATE,LAST_UPDATED_DATE)
VALUES (10001,'Maths',sysdate(),sysdate());

INSERT INTO COURSE(ID,NAME,CREATED_DATE,LAST_UPDATED_DATE)
VALUES (10002,'Computer Science',sysdate(),sysdate());

INSERT INTO COURSE(ID,NAME,CREATED_DATE,LAST_UPDATED_DATE)
VALUES (10003,'Listening & Observing',sysdate(),sysdate());

INSERT INTO COURSE(ID,NAME,CREATED_DATE,LAST_UPDATED_DATE)
VALUES (10004,'Course 3',sysdate(),sysdate());

INSERT INTO COURSE(ID,NAME,CREATED_DATE,LAST_UPDATED_DATE)
VALUES (10005,'Course 4',sysdate(),sysdate());

INSERT INTO COURSE(ID,NAME,CREATED_DATE,LAST_UPDATED_DATE)
VALUES (10006,'Course 5',sysdate(),sysdate());

INSERT INTO COURSE(ID,NAME,CREATED_DATE,LAST_UPDATED_DATE)
VALUES (10007,'Course 6',sysdate(),sysdate());

INSERT INTO COURSE(ID,NAME,CREATED_DATE,LAST_UPDATED_DATE)
VALUES (10008,'Course 7',sysdate(),sysdate());


INSERT INTO PASSPORT(ID,NUMBER)
VALUES (60001,'E23498232');

INSERT INTO PASSPORT(ID,NUMBER)
VALUES (60002,'E23434512');

INSERT INTO PASSPORT(ID,NUMBER)
VALUES (60003,'E23471632');

INSERT INTO STUDENT(ID,NAME,PASSPORT_ID)
VALUES (50001,'Raji',60001);

INSERT INTO STUDENT(ID,NAME,PASSPORT_ID)
VALUES (50002,'Manoj',60002);

INSERT INTO STUDENT(ID,NAME,PASSPORT_ID)
VALUES (50003,'Murugan', 60003);


INSERT INTO REVIEW(ID,RATING,DESCRIPTION,COURSE_ID)
VALUES (70001,'5','Great course',10001);

INSERT INTO REVIEW(ID,RATING,DESCRIPTION,COURSE_ID)
VALUES (70002,'4.8','Nice course',10001);

INSERT INTO REVIEW(ID,RATING,DESCRIPTION,COURSE_ID)
VALUES (70003,'5','Amazing course',10002);



INSERT INTO STUDENT_COURSE(STUDENT_ID,COURSE_ID)
VALUES (50001, 10001);
INSERT INTO STUDENT_COURSE(STUDENT_ID,COURSE_ID)
VALUES (50001, 10002);
INSERT INTO STUDENT_COURSE(STUDENT_ID,COURSE_ID)
VALUES (50003, 10002);
INSERT INTO STUDENT_COURSE(STUDENT_ID,COURSE_ID)
VALUES (50002, 10002);